guest_id,company_name,company_registration_number,contact_person_name
771,Schowalter-Wiza,226070571,Bondon Loyd
772,Crooks-Marquardt,042100191,Davidde Gainsbury
773,Larkin LLC,262285223,Jon Monkman
774,"Gorczany, Bayer and Bayer",231373069,Ariel Ivermee
775,Russel and Sons,211391689,Amber Burds
776,"Kozey, Greenfelder and Romaguera",111903575,Theresina Drivers
777,Harvey-Rolfson,053111836,Iseabal Marler
778,"Walter, Bayer and Crooks",122187335,Price Godlee
779,"Langworth, Torp and Collins",071102995,Marcelline Frankton
780,Sipes Group,112002080,Sammie Gee
781,Gleichner Group,065305902,Latrina Sandall
782,Swaniawski LLC,125108599,Elke Larenson
783,Quigley Inc,211174136,Zacharia Crippen
784,"Reilly, Hammes and Jacobs",111103058,Andrey Cruddace
785,"Friesen, Koss and Hintz",082906892,Shandie Losseljong
786,Veum-Schaefer,113002296,Dmitri Kensy
787,"Gleason, O'Hara and Tremblay",042108559,Kingsly Wattam
788,Little and Sons,071922227,Nelie Cuniam
789,"Pouros, Kuhn and Dickinson",107004695,Alexina Benezeit
790,"Schoen, Connelly and Labadie",121103886,Harlie Kinnerk
791,Jaskolski LLC,102006407,Drake Aartsen
792,Dickens Inc,081503607,Chaim Hughlock
793,Waelchi Group,125102278,Eugen Pretious
794,Hamill-Gutmann,091903035,Dorothy Griswaite
795,Stroman-Bauch,021301869,Hana Deabill
796,"Schuppe, Dicki and Spencer",065300486,Elise Turney
797,Thompson-Koss,124103773,Jeddy Klasing
798,Stoltenberg Group,065200515,Jelene Bahlmann
799,Schamberger Group,044000642,Darlene Liversidge
800,Cronin-Kautzer,042102571,Kalli Koenen
801,Parisian-Will,311373125,Kaja Delacroux
802,Swaniawski LLC,274970199,Lucienne de Quesne
803,Hayes LLC,062205937,Angie Kimpton
804,Lockman and Sons,081004591,Georgy McLaren
805,Stamm Group,082906517,Ermengarde Gittose
806,McLaughlin and Sons,101104795,Oliver Sponton
807,"Sawayn, Rodriguez and Harris",071112354,Jodi Sterzaker
808,Upton-Bruen,291270636,Odelia Jankiewicz
809,Turcotte Inc,122244731,Willdon Kolakowski
810,Orn-Conroy,071004161,Ailina Ogilvy
811,Feeney and Sons,272471661,Robyn Corinton
812,Roob-Wehner,075901480,Hermann Eim
813,"Lemke, Bogan and Senger",062101581,Jobina Readshaw
814,Reynolds-Hermiston,074913233,Lind Sonner
815,Wisoky-Stiedemann,011110646,Danica Lambourne
816,Howe Inc,101089823,Wallace Rippingall
817,Blanda-Wunsch,211170114,Leonie Sallenger
818,"Yost, Murphy and Hermann",053902197,Annamaria Natalie
819,Bartell Inc,091401919,Carol Di Claudio
820,"Will, Feil and Ferry",084301372,Artemas Songust
821,"Maggio, O'Kon and O'Reilly",253170305,Quincy Simo
822,"Harber, Kovacek and Bergnaum",055000770,Wiatt Neil
823,Paucek Inc,102303171,Keith O'Keeffe
824,"Hodkiewicz, Stracke and Williamson",123206011,Ginni Stille
825,"Kessler, Daniel and Crist",121031673,Noreen Uccelli
826,"Gusikowski, Carroll and Grady",114911807,Dorena Brawson
827,Barrows-Turcotte,083903690,Celestia Jahner
828,Beier-Kozey,031000503,Valeria O'Downe
829,Fadel Inc,231372439,Winne Meindl
830,"Mayer, Harvey and Jast",061102617,Coleman Brisland
831,Abbott-Funk,081512371,Jeramey Breede
832,Blick LLC,031001175,Nessi Haldenby
833,Gleichner-Mante,041002711,Stanley Kyncl
834,Zboncak-O'Keefe,101107860,Carroll Briiginshaw
835,Cronin and Sons,102300268,Lorens Fanti
836,Heaney-Krajcik,021202175,Mickey Stoffer
837,"Kessler, Hintz and Abernathy",064103464,Cherilyn de Nore
838,Shanahan-McLaughlin,101015020,Perla Philip
839,"Stracke, Swaniawski and Hoppe",122241501,Melody Badini
840,Reilly LLC,084107246,Fredelia Mundell
841,"Gottlieb, Feeney and Cronin",253174851,Garvin Court
842,Kuhic-Douglas,026009593,Melvyn Whatford
843,Johns LLC,083000920,Derward Sandcraft
844,Hirthe Inc,071925062,Monica Gosnall
845,"Steuber, Reichel and Littel",125007098,Karalee Tumioto
846,Kovacek-Bauch,071925156,Kailey Fittis
847,"Little, Little and Schowalter",074913233,Dania Verrillo
848,"Borer, Pagac and Moore",101104342,Bambi Rodda
849,Klocko-O'Hara,055003337,Cordi Bassham
850,Lubowitz-Casper,051403915,Ivie Brocking
851,Mohr-Rosenbaum,111304404,Kirbee Doghartie
852,"Hauck, Ankunding and Koch",042103473,Katya Bendel
853,Armstrong-Wilderman,062204721,Moyna Othick
854,"Raynor, Hettinger and Bednar",063115961,Benedikt Leindecker
855,Koss Inc,031314707,Harmonie Keasy
856,Schiller LLC,081074505,Farrand Physick
857,Langworth-Cronin,011110675,Dahlia Klee
858,"Walter, Senger and Keeling",124000737,Amberly Litzmann
859,Predovic and Sons,102301241,Tate Queenborough
860,Hyatt Inc,064201560,Juditha Steade
861,Hane Group,031000037,Addie Cox
862,"Grimes, Hettinger and Emmerich",241070501,Jeanna Hurburt
863,Pouros-Friesen,062003977,Herold Wardhaugh
864,Donnelly-Schoen,122242092,Buddy Melton
865,Schiller Group,067016354,Ambros Westcarr
866,Dooley-Watsica,253184841,Casey Hertwell
867,Osinski Inc,055001122,Finley Mulvaney
868,"Bartoletti, Moore and Medhurst",021901748,Armstrong Saphin
869,"Olson, Casper and Tremblay",043315448,Cicily Shelf
870,Greenholt LLC,031310918,Hazel Canizares
871,"Hirthe, Hansen and Reichert",067014123,Shirleen McCrory
872,"Kozey, Strosin and Jacobson",113122804,Shay Simmonett
873,Lockman-Nikolaus,084301518,Myriam Friary
874,Aufderhar Group,052000278,Sidnee Foffano
875,"Becker, Gislason and Murphy",122242607,Hall Atcherley
876,Denesik Group,067016655,Opal Mapes
877,"King, Corwin and Walker",073921323,Adolphus Shoebotham
878,Skiles Group,271071004,Gianni Mabee
879,Balistreri-Gislason,107000783,Geri Meindl
880,Gleason Inc,071925376,Shelia Harding
881,"Brown, Champlin and Dibbert",075900902,Ky Hanselman
882,Veum-Nader,053207931,Bradford Moral
883,"Romaguera, Gutkowski and Cummerata",111324895,Benedict Yarr
884,"Schmeler, McDermott and Stracke",081227129,Peirce Doman
885,Heller-Wisozk,091911959,Fawn Berdale
886,Friesen Inc,021202191,Iseabal Sowrah
887,Robel-Casper,123103606,Rusty Lebell
888,"Veum, Rath and Bayer",091908399,Lucio Warlton
889,Huels Inc,311093120,Kelly Leverington
890,Beahan-Tremblay,061121054,Deana Crimmins
891,Ruecker-Carter,101200518,Moyna Kynd
892,Kuphal LLC,065404256,Lydon Drewery
893,Gerlach LLC,053100494,Ozzy Shropsheir
894,Gusikowski Group,103112358,Davie Sherrell
895,"Lindgren, Roob and Klein",125106986,Lacy Wabersich
896,Treutel-Friesen,107003023,Kendre Crowth
897,"Larkin, Zulauf and Nitzsche",067008579,Yehudit Petruskevich
898,"Carroll, Ratke and Lindgren",113009464,Clerkclaude Holdren
899,"Parker, Rohan and Witting",101110640,William Poli
900,Littel Group,067015944,Briny Prine
901,Hoeger and Sons,111322910,Hinda Larver
902,"Ortiz, Barrows and Jast",011301604,Gabriella Neave
903,Farrell-Gulgowski,121142407,Isahella Hynard
904,Borer Inc,061113279,Catrina Vials
905,Mraz-Emmerich,021606674,Nevin Rope
906,Schumm Inc,071002053,Marcelle Beauly
907,Feest-Robel,067012057,Astra Stebbings
908,Murray-Schuppe,103103600,Ashlie Dandie
909,Casper Group,051900366,Victor Fierman
910,Hoppe-Champlin,064202682,Moritz Bottrell
911,Murphy-Bruen,067015944,Julian Labon
912,"Beahan, Hilll and Klein",125200060,Smith Eccles
913,Luettgen Group,061204463,Fanya Janning
914,"Connelly, Waters and Schaefer",121138990,Charmain Blaycock
915,"D'Amore, Herzog and Kuvalis",053112097,Olenolin Grimston
916,Berge and Sons,081917345,Stavro Bartleman
917,"Zboncak, Runte and Altenwerth",072412354,Jeri Byatt
918,"Koss, Dietrich and Hoeger",125106708,Sadie Huyhton
919,Kunze-Lockman,063107513,Anson Cutchee
920,"Gottlieb, Daniel and Mayert",113002296,Maryanna Tippings
921,"Schmitt, Jacobson and Schulist",062202956,Allison Reeve
922,Rippin and Sons,125000105,Stinky Zold
923,Lemke and Sons,081017711,Patrizia Matthisson
924,"Kemmer, Hettinger and Collins",071900948,Harper Giamuzzo
925,Kautzer LLC,221972111,Philipa Josskovitz
926,"Flatley, Schroeder and Rodriguez",114912013,Hester Keeping
927,Bernhard and Sons,121139685,Trescha Authers
928,"Hand, McDermott and Barton",104000016,Jenifer Stannis
929,"Hermann, Spinka and Hagenes",043305092,Bee Pecha
930,Wuckert-Tillman,084202248,Pietra Janous
931,Ondricka-Schaefer,122239335,Lenore Stroband
932,Bruen-Nikolaus,231373069,Marylinda Wibrew
933,Powlowski Inc,073921514,Lesya Brooker
934,Hackett Group,092900833,Myles Crathorne
935,Effertz and Sons,021309201,Esmaria Tarzey
936,"Balistreri, Schmitt and Medhurst",092905498,Angeline Shears
937,Pfannerstill Group,073921585,Thorsten Crinidge
938,"Toy, Ankunding and Hessel",122244582,Lucine Kennard
939,Yundt LLC,114902793,Adelbert Prosh
940,"Gislason, Turner and Boehm",051503938,Etty Trewartha
941,Durgan-Koelpin,121142148,Micheal Haycraft
942,Hagenes-Schiller,111101461,Magdalen Poplee
943,Spencer LLC,081001727,Susan Triggol
944,Dietrich Inc,072413609,Alair Jeffers
945,"Stracke, Kunze and Towne",063114108,Jodie Solon
946,Kuvalis-Tromp,021407912,Elmo Grinnell
947,Emard and Sons,026007508,Shelley Kubala
948,Kerluke Group,041207040,Aharon Gooke
949,"Rutherford, Balistreri and Klein",221270868,Sadye Stiffkins
950,Balistreri-Jacobs,026005050,Fredia Pepye
951,Langosh and Sons,101103068,Kurtis Nucci
952,Armstrong-Quitzon,125000024,Liliane Skinley
953,Braun-Langosh,221472776,Kimberley Ribbon
954,Blick and Sons,091916048,Ranna McDell
955,Little-O'Kon,044205146,Sascha Aldgate
956,"Bins, Graham and Harvey",091205652,Emmery McDonagh
957,Corwin-Marquardt,067003671,Wendye Mandres
958,Willms and Sons,325171740,Sully Dorn
959,Bosco Group,314072986,Brina Hebard
960,Miller Inc,091911551,Vinnie Imbrey
961,"Daugherty, Adams and Armstrong",111306059,Sisely Austwick
962,Pfannerstill-DuBuque,042108559,Elnore Handrok
963,"Little, Senger and Lebsack",061103292,Glenine Goligher
964,Ryan and Sons,061308770,Oralle Ackrill
965,Stroman-Aufderhar,061102701,Starr Hurkett
966,Hintz-Hudson,071909198,Derk Dimitrescu
967,Breitenberg-Sporer,114017714,Renaldo Moth
968,Hamill Inc,211170185,Bell Dominici
969,Hamill LLC,061203257,Ardelis Spofford
970,Kihn LLC,083902374,Candide Devenish
971,Hoppe Inc,091204255,Pacorro Oxtarby
972,Schaden and Sons,064102371,Kassia Gyurko
973,Rodriguez-Hilll,073922322,Arney Duffer
974,"Beier, Wisoky and Runte",053112660,Rivi Dorton
975,Mayer-Langosh,011100805,Brion Mor
976,Weimann LLC,067015258,Elvin Romero
977,Kling and Sons,031301998,Anabella Stobbe
978,Schoen Group,083908530,Ailey Darte
979,Hagenes Inc,123206011,Addison Normanton
980,Goldner LLC,044102362,Jerri Belbin
981,"Reynolds, Wilderman and Anderson",083902374,Henry Aylwin
982,Bruen-Kris,031318596,Johnna Winram
983,Feest and Sons,064200765,Renell Fulks
984,"Wilderman, Wunsch and Beatty",021207280,Ezekiel Elger
985,"Kihn, Dooley and Towne",031305347,Jillene Durban
986,Douglas-Stamm,211170169,Charmaine Dickinson
987,Cummings and Sons,275071408,Grissel Howett
988,Parker Group,322170692,Cob Sparkwill
989,Sporer-Kessler,122040090,Antoni Yancey
990,Hintz and Sons,072404948,Marsha Boddice
991,"Harvey, Bashirian and Cremin",102103009,Fabien Yannikov
992,DuBuque-Bergstrom,104904646,Christiano Wilne
993,"Rolfson, Kunze and King",053900377,Danita Pratley
994,Botsford-Haley,075900902,Freeman McCambrois
995,"Grady, Blick and Spinka",111909993,Devi Gerhold
996,Howell Group,053112136,Dolph Passo
997,Johnson-Hilll,021207138,Janka Allport
998,Pfeffer-Ryan,122220849,Charlena Bohlje
999,"Davis, Bode and Wisozk",255072207,Kennett Clayal
1000,Bernhard-Hirthe,065202568,Andriette Hamfleet
1001,Prosacco-Lind,066010351,Susanna Fussey
1002,Becker-Marvin,221270868,Keven Djuricic
1003,"Parker, Nader and Cummerata",091215529,Ingram Blum
1004,"Haley, Jones and Rempel",061119817,Terra Backes
1005,"Friesen, Reinger and Morissette",125107998,Charlene Farnish
1006,Mante Inc,042207735,Daveen Strognell
1007,"Reinger, Boehm and Franecki",091016498,Marcile Hanley
1008,"Murphy, Marvin and Ankunding",104110922,Cord Janousek
1009,"Lynch, Reichel and Metz",042104401,Sutton Duplock
1010,VonRueden-Pfeffer,072413599,Haskell Darrigrand
1011,Hansen-Hegmann,301171230,Penny Duxfield
1012,"Skiles, Schiller and Dooley",121201814,Richie Wetwood
1013,Brakus and Sons,104905881,Aimil MacIntosh
1014,"Steuber, Metz and Larson",242071004,Fremont Huyhton
1015,"Runolfsdottir, Anderson and Weissnat",062004099,Dunc Blackden
1016,Weber-Ankunding,091409746,Gawain Copsey
1017,Flatley-Hills,062202804,Larissa Quimby
1018,Lehner Group,061119875,Nancee McHale
1019,Grant and Sons,103101424,Goran Tyre
1020,Marquardt-Paucek,111323016,Sally Earley
1021,Harris Inc,073900975,Dore Elleton
1022,Cummings-Heaney,122243237,Sari Chataignier
1023,"Ryan, Stracke and Jacobi",101904911,Inessa Ber
1024,"Nicolas, Hammes and Bashirian",123206053,Berte Verecker
1025,"Blick, Berge and Morar",102105816,Anestassia Youngs
1026,"Berge, Farrell and Hills",031305596,Cosimo Simmons
1027,Spinka-Tremblay,104908257,Marjory Igglesden
1028,Yundt-Kuphal,274970791,Craig McAline
1029,Oberbrunner Inc,081206496,Marilyn Behling
1030,Mraz-Luettgen,322275157,Aline Cereceres
1031,Schamberger-Goodwin,092905168,Alec Weekley
1032,"Tromp, Little and Stehr",111921777,Sayre Clere
1033,Botsford-DuBuque,264279334,Rivkah Pidgeon
1034,Murray-Greenholt,113122082,Timmy O' Loughran
1035,"Ondricka, Conn and Leannon",062202956,Steven Ritchie
1036,"Roob, Langworth and Wilkinson",124303007,Malanie Bernardeschi
1037,"Boyer, Carroll and Littel",082901596,Kittie Atwel
1038,Bahringer Inc,124002942,Stace Piper
1039,"Robel, Walker and Roob",103101631,Artemis Dronsfield
1040,Torp LLC,053112055,Giffie Bente
1041,"Davis, Mertz and Lindgren",065002108,Geralda Schwant
1042,Cole Inc,044000642,Mignon Tomasutti
1043,"Mohr, O'Reilly and Runte",065405491,Micki Gager
1044,Fay Group,053012197,Emerson Gavrielly
1045,"Stark, Kozey and Casper",011000390,Bekki Leask
1046,Block-Stiedemann,102089644,Wit Dallan
1047,Fahey-Stanton,271971816,Viki Kesley
1048,"Braun, Tillman and Brakus",031100144,Adams Cass
1049,O'Kon and Sons,101000925,Corrie Bramham
1050,Nikolaus Group,081216240,Fransisco Fridaye
1051,Cummerata LLC,101101989,Robbin Fancet
1052,Bernhard LLC,074900783,Lauren Bleakley
1053,Dickens-Klocko,284170510,Flynn Cellier
1054,Bode Inc,091811253,Nicky Teese
1055,D'Amore LLC,111909265,Claudie Seakin
1056,Jaskolski and Sons,041215032,Linzy Oakenfull
1057,"Price, Schmitt and Dicki",053104869,Kathy Stubbes
1058,Cummerata-Abshire,067003985,Lorita Collumbine
1059,Cassin-Pacocha,062201397,Gav Kerfoot
1060,"Hermann, Bailey and Nicolas",031311810,Alecia Sugden
1061,"Metz, Schulist and Hessel",091408501,Barbara-anne Menzies
1062,"Paucek, Kautzer and Carroll",061019506,Lynea Stotherfield
1063,DuBuque LLC,091903530,Gretta Booeln
1064,Auer Group,211172785,Iormina Jirusek
1065,Murray Group,028001081,Pancho Rassmann
1066,Auer LLC,064108964,Tarra Filippello
1067,"Lindgren, Kuhic and Wolf",064103833,Elisabeth Rentenbeck
1068,Bartoletti LLC,121143891,Marshall O'Farrell
1069,Gleichner-Swaniawski,113025147,Nathan Harmston
1070,Yundt Group,122240683,Cesar Toderini
