guest_id,first_name,last_name,id_or_passport_number,gender
71,Hakim,Peplow,103660427,Male
72,Stacee,Tremberth,725117984,Female
73,Dulce,Bentick,433982655,Female
74,Ede,Pilipets,611710130,Female
75,Ann-marie,Bushell,274656392,Female
76,Stefan,Lansbury,988333123,Male
77,Myrna,Felix,503041296,Female
78,Daria,Morstatt,684472680,Female
79,Winny,Tolcharde,587067279,Female
80,Nonnah,Seeks,245745457,Female
81,Tommie,Spurrior,219078541,Male
82,Jilly,Bullcock,555802482,Female
83,Moira,Brader,111198370,Female
84,Jelene,Barwell,158284667,Female
85,Rosaleen,Roscamps,695496053,Female
86,Urson,Stolberg,622240863,Male
87,Kelwin,Held,909517705,Male
88,Guillermo,Yurtsev,155714621,Male
89,Hilliard,Ayer,208042142,Male
90,Lynna,Sipson,156322275,Female
91,Sanson,Filipczak,112153598,Male
92,Graig,Chetwynd,723670724,Male
93,Arabelle,Dudgeon,755649027,Female
94,Britt,Bellham,605450532,Female
95,Aryn,Barchrameev,873607599,Female
96,Nerta,Rice,405808115,Female
97,Lorenzo,Vallow,148405633,Male
98,Damien,Berni,383889455,Male
99,Asa,Ceaser,674424092,Male
100,Wallie,Dow,849336734,Female
101,Cyndi,Simms,954412496,Female
102,Malissia,Fosdike,564300022,Female
103,Skipp,Eagger,740514274,Male
104,Carine,Timson,868590196,Female
105,Blaire,Simek,343306079,Female
106,Heinrick,Tregidga,337056357,Male
107,Jerald,Cohani,547272264,Male
108,Way,Beakes,632855540,Male
109,Kenton,Tonsley,439361760,Male
110,Jolene,Mellhuish,196255897,Female
111,Patrice,Livsey,106185545,Female
112,Gordie,Kynsey,356983947,Male
113,Umberto,Gandey,785441897,Male
114,Marietta,Provis,179651602,Male
115,Jeddy,Abrahamovitz,410405789,Male
116,Tommie,Madgin,665582935,Male
117,Clari,Carleton,197419482,Female
118,Phillipp,Ahlin,958000529,Male
119,Zerk,Waeland,369652159,Male
120,Hermina,Tudor,617160816,Female
121,Karl,Thackray,771709687,Male
122,Kittie,Mathewes,471938767,Female
123,Danella,Gayton,326298395,Female
124,Chelsea,Dawidowitz,643581391,Female
125,Emelina,Sly,830446342,Female
126,Brook,Charville,494105291,Male
127,Dulcy,McSpirron,822296571,Female
128,Ferdie,Bakesef,744736188,Male
129,Starlin,Prenty,774761461,Female
130,Devlin,Rockcliff,103384901,Male
131,Crissy,Cheley,585989040,Female
132,Ingra,Stede,227549601,Male
133,Eda,Beecham,836356888,Female
134,Chrisy,Clyburn,735505147,Male
135,Tova,Binnion,482844583,Female
136,Mallory,Varden,659130252,Female
137,Biddy,Abelovitz,466728822,Female
138,Royce,Craisford,638263493,Male
139,El,Casel,261058343,Male
140,Buddy,Chaffin,880892940,Male
141,Lucho,Canner,588161762,Male
142,Leticia,Le Breton De La Vieuville,693827431,Female
143,Maura,Levicount,331688164,Female
144,Shandee,Perel,618807491,Female
145,Mikkel,Brandassi,347862518,Male
146,Evanne,Cornes,230110547,Female
147,Jermayne,Purdie,553902478,Male
148,Corny,Relfe,372647408,Male
149,Catlee,Sturr,574503833,Female
150,Feliza,Walkley,243637429,Female
151,Sayres,Janda,914203632,Male
152,Olivier,Jenner,182454685,Male
153,Heywood,Skerrett,352300353,Male
154,Maryellen,Barnicott,529182142,Female
155,Nobie,Leedes,402482031,Male
156,Leena,Carpenter,872062298,Female
157,Gratia,Tolley,419212491,Female
158,Woodman,Greenman,257803727,Male
159,Wilton,Ambrosetti,173747327,Male
160,Ramonda,Gaye,847689250,Female
161,Cobb,Claybourne,942864101,Male
162,Hailee,Weafer,333199824,Female
163,Marv,Latty,424451860,Male
164,Belle,McCahey,675713926,Female
165,Vernen,Amor,870868307,Male
166,Vanda,Oddboy,680596607,Female
167,Alistair,Kerridge,569767753,Male
168,Danny,Brabbins,364679121,Female
169,Feodora,O'Neary,994159609,Female
170,Jada,Brazener,767355302,Female
171,Devin,Di Francesco,624870487,Female
172,Emmalyn,Spehr,941363339,Female
173,Coretta,Stubbert,220965153,Female
174,Roi,Cruddace,735715858,Male
175,Leeanne,Jarley,186885349,Female
176,Dall,Grigoryev,368797379,Male
177,Allyson,Verick,247639967,Female
178,Peyton,McGavigan,798229175,Male
179,Akim,Deighan,145620478,Male
180,Anallise,Jorgesen,123860737,Female
181,Julio,Cool,763706072,Male
182,Salvador,Corneliussen,343653212,Male
183,Regina,Rannald,774746497,Female
184,Ambrosio,Bocock,986789204,Male
185,Joletta,Pala,175107860,Female
186,Jana,Watkin,623450460,Female
187,Luke,Bierton,663267890,Male
188,Trixie,Lawlings,571820206,Female
189,Celestina,Tall,845572914,Female
190,Deni,Nisuis,352540724,Female
191,Lucienne,Jorry,447466628,Female
192,Sandra,Farnfield,364717778,Female
193,Susanetta,Beals,309024950,Female
194,Julie,Gowan,850327804,Male
195,Gregoire,McLarens,721545444,Male
196,Carley,Menendez,119751364,Female
197,Obed,Beveridge,542035030,Male
198,Jeanie,Langstone,257821321,Female
199,Bogart,Minter,323821572,Male
200,Roselin,Birckmann,216063375,Female
201,Nicolais,Daftor,832099380,Male
202,Tommy,Priden,178248957,Female
203,Yurik,Crilley,100494527,Male
204,Dionysus,McFee,480634465,Male
205,Candice,Beeden,920457582,Female
206,Rici,Swales,533299149,Female
207,Miguel,Ghiron,836786567,Male
208,Katrinka,Roscam,176293357,Female
209,Mellicent,Grissett,620149881,Female
210,Marissa,Standring,168636217,Female
211,Chadd,Hiers,373197621,Male
212,Glenn,Creeboe,613475793,Male
213,Maritsa,Proppers,394979100,Female
214,Eugenio,Levesque,877262578,Male
215,Lennard,Willeson,100473441,Male
216,Karoly,Penlington,491658989,Female
217,Bucky,Ashbrook,896375197,Male
218,Merle,Crimmins,814975620,Female
219,Gennie,Cuer,664208085,Female
220,Royal,Diddams,429012143,Male
221,Dukie,Sant,810858072,Male
222,Gaynor,Locket,402616044,Female
223,Anthiathia,Jerrolt,868111049,Female
224,Annice,Fausset,586438850,Female
225,Northrop,Guillford,624251339,Male
226,Ardis,Simenon,493869766,Female
227,Tremaine,Rains,516368384,Male
228,Staford,Peniman,923094440,Male
229,Tudor,Hodgets,958618804,Male
230,Dane,Mouton,722090573,Male
231,Burton,Staterfield,166165483,Male
232,Walther,Jacmar,228910893,Male
233,Rosene,Pigden,409671395,Female
234,Bobby,Gadman,836949402,Male
235,Augustine,Hoyes,531817147,Male
236,Hadley,Spiers,911599341,Male
237,Foster,Cristofori,283534201,Male
238,Karin,Fibbitts,578723357,Female
239,Opalina,Tomasino,792697626,Female
240,Germain,Comerford,912156572,Female
241,Uriah,Stoddard,628737628,Male
242,Jody,Seldon,269255284,Female
243,Cristionna,Francescuccio,342743972,Female
244,Marney,Blackadder,285047204,Female
245,Reiko,Cowper,922721383,Female
246,Yul,Trittam,743195329,Male
247,Leontyne,Gages,935323140,Female
248,Noe,Rossiter,763644965,Male
249,Jobyna,O'Hannen,698041237,Female
250,Hasty,Lomath,540837118,Male
251,Randi,Masser,650958407,Female
252,Cati,Storah,367975698,Female
253,Jaclyn,Turnock,605775196,Female
254,Kathrine,Ostrich,655107344,Female
255,Xylia,Insull,419103079,Female
256,Gerardo,Lighten,651905004,Male
257,Erasmus,Houlden,555853836,Male
258,Boy,De Domenici,882577278,Male
259,Zaccaria,Pierson,503292023,Male
260,Lanny,Kilmary,559924583,Female
261,Margarita,Megarrell,618240098,Female
262,Elana,Tregiddo,486381789,Female
263,Reese,Griston,611899649,Male
264,Benetta,Edgell,411928468,Female
265,Anatola,Giacovazzo,280429388,Female
266,Fianna,Pawfoot,783220869,Female
267,Lefty,Toffetto,972669096,Male
268,Genni,Ratazzi,761161180,Female
269,Tamera,Dwerryhouse,191120585,Female
270,Honor,Ogilby,330029601,Female
271,Monica,Doumerque,439384714,Female
272,Marilee,Stathers,881385455,Female
273,Faunie,Wickham,563475240,Female
274,Jenifer,Allman,548324292,Female
275,Calv,Schultes,206429963,Male
276,Durant,Rehme,755472621,Male
277,Ulrica,Chomicz,615828484,Female
278,Kermie,Bresson,125447690,Male
279,Chicky,Crossdale,836941915,Female
280,Standford,Elverstone,955299277,Male
281,Ashlen,Buffham,115320131,Female
282,Hill,Bowdidge,761442491,Male
283,Leonerd,Birdfield,747585532,Male
284,Elna,Dundendale,840207217,Female
285,Nikki,Hinckley,794881965,Female
286,Tonnie,Gutherson,670469859,Male
287,Chris,Grazier,307329134,Male
288,Audrye,Hanniger,984091246,Female
289,Saree,Kienle,145134636,Female
290,Maxim,Clyant,435273886,Male
291,Devina,Moule,631619391,Female
292,Ali,Cammocke,203963794,Female
293,Elianore,Edington,994061763,Female
294,Regine,Gavaran,302885096,Female
295,Gerda,Roundtree,337801863,Female
296,Sidney,Majury,126934476,Male
297,Laurene,Sprowson,771834428,Female
298,Yolande,Gladbach,113846346,Female
299,Adiana,Taffrey,454345074,Female
300,Frankie,Mattin,999244806,Female
301,Pippa,Motte,290977474,Female
302,Keslie,Moring,914329460,Female
303,Lucilia,Eacle,698835795,Female
304,Tabbi,Matthensen,379999232,Female
305,Spence,Mc Coughan,831734912,Male
306,Garik,Handrok,873269264,Male
307,Andie,Akid,914506187,Male
308,Reinald,Renfield,532621683,Male
309,Steve,Howsego,448424359,Male
310,Aubine,Cawson,144192295,Female
311,Virge,Tuplin,643724590,Male
312,Geoff,Glavis,855885244,Male
313,Lind,Bagley,370379783,Male
314,Andre,Jaulmes,451960216,Male
315,Sanders,O'Hartnedy,530329295,Male
316,Sydney,Deyes,929722113,Male
317,Lammond,Merriday,801890086,Male
318,Leda,Emma,915773073,Female
319,Dory,Longhorn,186380966,Male
320,Christyna,Siddens,524959714,Female
321,Doralyn,Loveredge,501344093,Female
322,Jacobo,Southwick,498242396,Male
323,Adler,Tivenan,266600128,Male
324,Jeffy,Pickthorne,922465097,Male
325,Natividad,Erskin,148531849,Female
326,Abagail,Hischke,174740097,Female
327,Consuelo,Ponnsett,281487287,Female
328,Gibby,Chestnut,140088286,Male
329,Byrann,Beneze,138731799,Male
330,Edan,Bremley,314619251,Male
331,Cass,Rennicks,801150655,Male
332,Carny,Shurlock,712755314,Male
333,Elfrida,Van Son,705516732,Female
334,Cammy,Clowley,288680285,Female
335,Coleen,Buyers,137584859,Female
336,Becky,Kender,130795783,Female
337,Frazier,McNysche,512296772,Male
338,Nina,Raitie,312210359,Female
339,Ricky,Lowfill,739138334,Male
340,Worden,MacGinney,832357286,Male
341,Aretha,Woltman,896507261,Female
342,Lara,Mawman,845473804,Female
343,Amie,Pumphreys,807166517,Female
344,Torre,Fluin,398826049,Male
345,Bordie,Jeannaud,553419942,Male
346,Rena,Piniur,848863678,Female
347,Ado,Biskupek,467242451,Male
348,Abrahan,Leathley,126984375,Male
349,Doy,Dilnot,789216105,Male
350,Wald,Canadine,510292607,Male
351,Tasia,Renac,392139720,Female
352,Reine,Orts,421924715,Female
353,Mateo,Hazlewood,747796561,Male
354,Ragnar,Ambrogini,819544147,Male
355,Rancell,Edgeson,822142044,Male
356,Wilfred,Maseyk,772716176,Male
357,Ida,Millett,775795436,Female
358,Francoise,Simao,311887421,Female
359,Katy,Snailham,340113878,Female
360,Dave,Roblett,649942207,Male
361,Vergil,Yard,722722503,Male
362,Alia,Dealtry,623077302,Female
363,Yorker,Ganforthe,388093677,Male
364,Brockie,Justun,930248940,Male
365,Brice,Domeney,803215740,Male
366,Birgitta,Simmance,980979154,Female
367,Melonie,Fonteyne,653258826,Female
368,Blake,Thackston,701193094,Female
369,Yard,Swatton,394632621,Male
370,Orlan,Dumbell,216299404,Male
371,Caesar,Blaney,116080884,Male
372,Karrah,Pavlenkov,219848972,Female
373,Ben,Cullivan,246756429,Male
374,Jami,Mertel,244988154,Female
375,Augustin,Clemot,809918564,Male
376,Trude,Iveagh,333843241,Female
377,Curran,Layburn,837978497,Male
378,Lesli,Caccavale,770420294,Female
379,Benedicto,Eddison,361116407,Male
380,Yasmin,Moline,580791641,Female
381,Larry,Coulthard,986566823,Male
382,Ninnette,Pugsley,897539342,Female
383,Josh,Sante,617453001,Male
384,Brinna,Iacovone,131280925,Female
385,Malynda,Ranby,841395170,Female
386,Torre,Marcus,591861437,Male
387,Linnet,Jeffcock,217502676,Female
388,Elijah,Sauniere,348303199,Male
389,Scotti,Gabitis,550493358,Male
390,Hector,Luchelli,802095385,Male
391,Querida,Dwelly,884147954,Female
392,Kristoffer,Dundredge,688124880,Male
393,Noella,Glendenning,474847806,Female
394,Derril,Wolters,482672894,Male
395,Deedee,Jobbins,877594768,Female
396,Krishna,Lefeaver,662278157,Male
397,Berty,Taillard,105915915,Female
398,Odille,Normanville,823444438,Female
399,Dane,Fountain,665696268,Male
400,Salomi,Dyhouse,999965200,Female
401,Kerwin,Mullinder,166552780,Male
402,Shem,Hurford,659272489,Male
403,Karlee,Adamsky,166130606,Female
404,Gnni,Duesberry,582401184,Female
405,Ceil,Hayler,677661957,Female
406,Wyatt,Ferraretto,933906406,Male
407,Arne,Niche,546074252,Male
408,Jephthah,Sambals,246347239,Male
409,Giustino,Prisk,980013235,Male
410,Irv,Dransfield,354151760,Male
411,Phillis,Engelmann,872766981,Female
412,Natal,Djakovic,939451432,Male
413,Keven,Barefoot,447168276,Male
414,Kellsie,Pawlik,509479104,Female
415,Sergeant,Berth,409786533,Male
416,Dev,Ceaplen,356235094,Male
417,Isidore,Bernhardt,490408551,Male
418,Marsha,Carman,953636769,Female
419,Gannon,Hunter,821375624,Male
420,Luelle,Denzilow,593372635,Female
421,Karlotte,Figgures,567940381,Female
422,Omero,Muckeen,194983509,Male
423,Kariotta,Placstone,714519923,Female
424,Jeff,Jenk,122421513,Male
425,Alverta,Doumic,336500223,Female
426,Adham,Spurnier,450394378,Male
427,Klarika,Jardin,806128657,Female
428,Ross,Trewhela,626621544,Male
429,Brandise,Breyt,171219258,Female
430,Hewitt,Ciccarello,694521556,Male
431,Ewen,Belcham,968016255,Male
432,Howard,Rhymes,146939447,Male
433,Quincy,Patmore,449728133,Male
434,Rivi,Hollebon,869850694,Female
435,Shayne,Caris,207450491,Male
436,Maiga,Limrick,911636219,Female
437,Melly,Brinded,196461475,Female
438,Paxton,Sinfield,929209033,Male
439,Fancie,Ondracek,101413533,Female
440,Paton,Jellman,815757299,Male
441,Kendre,Neubigging,961914656,Female
442,Valentijn,Halpeine,448437924,Male
443,Glori,Misk,668777164,Female
444,Saw,Wealleans,432412437,Male
445,Darill,Goreway,853555945,Male
446,Theresita,Bangley,551213848,Female
447,Dalenna,Cerro,725500021,Female
448,Flem,Reightley,986010051,Male
449,Ralph,Deport,859557629,Male
450,Gillian,Piatti,888667589,Female
451,Sayre,Volage,367397355,Male
452,Isa,MacIlhargy,474079124,Female
453,Barton,Hillan,136392900,Male
454,Barbaraanne,Bedham,785364386,Female
455,Marthe,Gandrich,564365442,Female
456,Cheston,Audry,966059241,Male
457,Kizzee,Volette,101970361,Female
458,Rossie,Parade,721673300,Male
459,Gavin,Bertome,340114356,Male
460,North,Leaney,509836661,Male
461,Lorne,Caras,951421479,Female
462,Ileane,Coneybeare,762711466,Female
463,Sterling,Kike,771101800,Male
464,Hyatt,Van Der Vlies,945794524,Male
465,Rafael,Drew,804785643,Male
466,Herschel,Feldman,122737251,Male
467,Hersh,Josifovic,987599278,Male
468,Collen,Spieght,163283772,Female
469,Robbie,Truin,850183604,Male
470,Filberto,Kedward,906921854,Male
471,Cindi,Buten,429398829,Female
472,Sabra,Mitchall,233565727,Female
473,Wiatt,Eveque,471103075,Male
474,Sigvard,Alster,529259853,Male
475,Gal,Bulstrode,442872463,Male
476,Denny,Dubarry,507637846,Male
477,Chelsae,Kitteman,283481516,Female
478,Lisle,Warry,313690076,Male
479,Hewett,Antos,252886694,Male
480,Daveen,Doerr,647111412,Female
481,Bridgette,Pretty,897960832,Female
482,Denny,Simonelli,107841834,Male
483,Jeramey,Langfat,137846858,Male
484,Aubrey,Sutter,139582123,Male
485,Teodoro,Armour,542429283,Male
486,Damian,Beedom,654721114,Male
487,Elmer,Hunter,719132683,Male
488,Waiter,Francois,703285606,Male
489,Alvina,Ridge,437231748,Female
490,Byrle,Crowcum,223717066,Male
491,Jessalyn,MacEntee,103990047,Female
492,Mellisa,Dewing,717514101,Female
493,Leighton,Dainty,284877917,Male
494,Christyna,Ambrogetti,665018130,Female
495,Amil,Craisford,685742818,Female
496,Annamaria,Lucks,736096604,Female
497,Marty,Porte,332593596,Female
498,Andrea,Willcott,989877327,Female
499,Maxie,Clyma,140745504,Male
500,Sergei,Syddon,412294772,Male
501,Fanchon,Mazin,356301282,Female
502,Irving,Rainforth,796216014,Male
503,Tarrah,Guyonnet,783195367,Female
504,Shaylyn,Ojeda,495662606,Female
505,Robinette,Dummigan,334684738,Female
506,Brett,Benner,490985095,Male
507,Ronny,Paolozzi,754915675,Female
508,Phyllys,Fowlds,486087486,Female
509,Sybyl,Pitkaithly,771547192,Female
510,Gualterio,Fullagar,423927254,Male
511,Bax,Neaverson,987516080,Male
512,Charlean,Greaser,708932113,Female
513,Xavier,Ullock,908839238,Male
514,Gabby,Selbie,553442062,Male
515,Hilly,Caves,765916428,Male
516,Janie,Cockburn,875848286,Female
517,Adair,McDirmid,580562880,Male
518,Derrik,Tomas,720569913,Male
519,Phip,Bodimeade,170608588,Male
520,Frazer,Kearsley,655254315,Male
521,Mirelle,Coltherd,911204636,Female
522,Ambrosi,Ducroe,580022464,Male
523,Mitchel,Pettinger,927261827,Male
524,Martina,Tallboy,886341316,Female
525,Luciano,Slayford,254568795,Male
526,Bink,Milkins,648826496,Male
527,Fredrika,Ravilus,183424198,Female
528,Elladine,Cleft,642667826,Female
529,Etta,Haresign,885546298,Female
530,Melodie,Casley,511561502,Female
531,Morgun,Simcoe,149271936,Male
532,Aristotle,Tweedy,921632616,Male
533,Stephie,Sheara,265394217,Female
534,Sansone,Braxay,200072191,Male
535,Aurora,Kelf,398666203,Female
536,Leonhard,Duchart,203747638,Male
537,Caitlin,McCauley,629874275,Female
538,Brenn,Giacomello,452011200,Female
539,Brian,Macieiczyk,864340525,Male
540,Dante,Ghidotti,638126154,Male
541,Felizio,Coates,956312008,Male
542,Uriel,Taill,149069239,Male
543,Bobbette,Pease,432519019,Female
544,Tod,Brigman,307203910,Male
545,Honey,Girardoni,118057837,Female
546,Karilynn,O'Hagerty,315315045,Female
547,Glennis,Shovelton,761142541,Female
548,Simeon,Molian,345421608,Male
549,Moyra,Mumbray,783720277,Female
550,Rey,Olennikov,321902680,Female
551,Izaak,Stothart,145701578,Male
552,Ivie,Antonucci,383373860,Female
553,Mortimer,Peskin,142935068,Male
554,Lotty,Simon,616831154,Female
555,Peri,Strevens,629605922,Female
556,Mar,Storie,334066616,Male
557,Martainn,Sutherel,677325354,Male
558,Lolita,Getcliff,386047913,Female
559,Cinda,Nutkins,278972642,Female
560,Farrah,Eul,452002343,Female
561,Johannes,Zannolli,771951276,Male
562,Michal,Boutton,768343411,Female
563,Fleurette,Upham,431134548,Female
564,Hershel,Marven,979654171,Male
565,Winnah,Targe,272562098,Female
566,Ingeborg,Strain,989593591,Female
567,Francoise,Rojas,109838655,Female
568,Lydia,Petrulis,835702802,Female
569,Christiana,Rigden,120901387,Female
570,Megen,Nowell,801065820,Female
571,Rickey,Bengtsson,298957540,Male
572,Marena,Gilcriest,336432558,Female
573,Samson,Tommasetti,808084026,Male
574,Ryan,Seawright,734617277,Male
575,Hall,Rapley,436559016,Male
576,Reeta,Brilleman,127407648,Female
577,Maurizia,Croney,208779926,Female
578,Selie,Hardiker,957689485,Female
579,Jaquith,Tixier,508637626,Female
580,Wheeler,Chatenet,273013300,Male
581,Lucian,Ferrao,266547805,Male
582,Janos,Jerdan,844768091,Male
583,Gabbie,Ganley,306733259,Female
584,Weston,McArd,906645340,Male
585,Hersh,Postin,274820853,Male
586,Kalli,Sustins,322879672,Female
587,Zitella,Elman,381231063,Female
588,Ivor,Cordingly,945820968,Male
589,Thacher,Suttaby,989499585,Male
590,Althea,Darrel,648332812,Female
591,Carline,Kerswill,612669209,Female
592,Averil,Willavize,157168360,Female
593,Dionis,Brittoner,516411153,Female
594,Dionisio,Garr,398989028,Male
595,Steffen,Trimmell,688026365,Male
596,Calv,Schach,265775307,Male
597,Carrol,Schuricht,230527395,Male
598,Alida,Winser,164641673,Female
599,Daniele,Bedinn,679126350,Female
600,Frannie,Feldheim,307207152,Male
601,Velma,Vivash,591705124,Female
602,Augustus,Stratley,998119529,Male
603,Mallory,Dunsleve,417785550,Female
604,Cecilla,Whitcombe,416458134,Female
605,Tabitha,Dorant,311097638,Female
606,Oliy,Glancy,995155598,Female
607,Nellie,Bonhome,719810109,Female
608,Willdon,Dugget,139827519,Male
609,Dugald,Bustin,681246822,Male
610,Starr,Drohan,326771415,Female
611,Elwyn,Gorman,299598675,Male
612,Caryn,Player,972862271,Female
613,Benson,Hawlgarth,948127770,Male
614,Lulita,McElrea,495649682,Female
615,Tiffany,Sommerlie,760235847,Female
616,Letitia,Darley,278275072,Female
617,Matty,Conaghy,394044499,Male
618,Anica,Lathwood,419439663,Female
619,Glenine,Mattiessen,740572403,Female
620,Donn,Dowyer,737944424,Male
621,Christel,McMearty,150345136,Female
622,Dale,Bertl,284172467,Female
623,Rufus,Burland,600568025,Male
624,Nicolais,Cottel,213249611,Male
625,Alair,Bonnette,921594661,Male
626,Leda,Gummory,531857066,Female
627,Gena,Swaffer,850844062,Female
628,Alyce,Hewlings,979452477,Female
629,Selie,Botha,960275589,Female
630,Daffy,Scafe,788322820,Female
631,Annadiane,Rathbourne,920676136,Female
632,Ellie,Withinshaw,138670600,Female
633,Sandra,Terbeek,868127644,Female
634,Vincent,Kemmis,444435126,Male
635,Nickola,Duesbury,761689114,Male
636,Alvira,Schulkins,896080035,Female
637,Tait,Dixcey,762915947,Male
638,Talya,Bott,951950151,Female
639,Gayel,Huetson,366335279,Female
640,Gard,Birkby,154742318,Male
641,Colas,Toppin,186342273,Male
642,Freedman,Wakenshaw,964701752,Male
643,Sammy,Choppin,465562352,Female
644,Tracie,Gorner,513374385,Female
645,Waring,Hedworth,349080159,Male
646,Merrel,Leet,620993487,Male
647,Seana,Benns,280082378,Female
648,Stefania,Andriuzzi,757911172,Female
649,Zitella,Bento,194574277,Female
650,Candie,Huxham,916632447,Female
651,Wade,Kidwell,809732991,Male
652,Cassie,Lorentz,587524148,Male
653,Lay,Bonds,528151818,Male
654,Abdul,Kopman,151869013,Male
655,Cly,Roscamps,168961691,Male
656,Cassandra,Dragon,709576457,Female
657,Ash,Haresign,700608476,Male
658,Noelle,Minchell,378000858,Female
659,Alvin,Goldsbrough,105865437,Male
660,Mickie,MacGiany,164597532,Female
661,Kimmi,Rubin,190197639,Female
662,Rogers,Sutehall,460240401,Male
663,Rusty,Argabrite,912153419,Male
664,Avril,Dagnan,483261650,Female
665,Denyse,Wardhough,879955004,Female
666,Micah,Paulack,960790703,Male
667,Meyer,Cosbee,119924279,Male
668,Roi,Maggi,575568231,Male
669,Aguie,Caldes,108604140,Male
670,Stanly,Guirardin,847038009,Male
671,Stu,Clinch,432294946,Male
672,Beryl,Heifer,682092534,Female
673,Maddy,Bonar,475669494,Male
674,Barnabe,Redihalgh,930529853,Male
675,Gris,Kubecka,213299177,Male
676,Chevalier,Harbison,873776663,Male
677,Padraic,Hartington,109722086,Male
678,Patty,Sidnell,276310142,Female
679,Pete,Harder,570661695,Male
680,Dan,Juares,972022432,Male
681,Ebony,Gatecliffe,778519825,Female
682,Dan,Laborde,614429423,Male
683,Rosetta,Almak,204184557,Female
684,Konstance,Menpes,876815120,Female
685,Timothee,Corwood,467402672,Male
686,Rebecka,Clemot,404451962,Female
687,Rosmunda,Petz,357868089,Female
688,Carlene,Hutt,343183456,Female
689,Layton,Durtnel,895629645,Male
690,Gilles,Rispin,244335243,Male
691,Burty,Isherwood,616101266,Male
692,Gracie,Posselow,722895930,Female
693,Titus,Ovill,275542218,Male
694,Tish,Semrad,269926999,Female
695,Ker,Beake,445550087,Male
696,Randene,Clerk,594905895,Female
697,Carola,Wherton,238031471,Female
698,Lance,Mattia,944530921,Male
699,Dedie,Mordanti,121833236,Female
700,Ike,Leynham,290180112,Male
701,Kristi,Alps,658947253,Female
702,Gardener,Feldstern,993629493,Male
703,Conrad,Aronovitz,221684538,Male
704,Burg,Tottie,599653627,Male
705,Tabbitha,Harcarse,382748274,Female
706,Cordell,Robrow,700595073,Male
707,Sophie,McEllen,972513266,Female
708,Izzy,Stalman,785360314,Male
709,Nathanael,Windus,949727092,Male
710,Reinwald,Frith,235801919,Male
711,Aldous,Giraudat,502923083,Male
712,Moe,Ambresin,804850331,Male
713,Peggy,Woodier,468165258,Female
714,Bartlet,Franzewitch,821783156,Male
715,Charlton,McNeil,259144801,Male
716,Lawrence,Morey,158600473,Male
717,Allyson,Teas,302105874,Female
718,Joshuah,Spykins,579732103,Male
719,Janis,Sive,400250348,Female
720,Benjamen,Bredgeland,293017927,Male
721,Flory,Trickey,955591382,Female
722,Theadora,Scarrott,435520818,Female
723,Dorette,Ranklin,261080403,Female
724,Tawnya,Fragino,266099265,Female
725,Henriette,Millwater,317542505,Female
726,Julissa,Glencros,168844356,Female
727,Leeland,Bletsor,996411549,Male
728,Jenifer,Struis,914247441,Female
729,Donavon,Reoch,860429495,Male
730,Toddy,Lemmertz,715835006,Male
731,Pen,Demaid,831866011,Male
732,Davin,Shackleton,334350534,Male
733,Derwin,Nielson,882199116,Male
734,Frankie,Badland,140236637,Male
735,Bruis,Spurrior,227008408,Male
736,Ingra,Tolcharde,572367959,Male
737,Branden,Fellos,750131088,Male
738,Niko,Howgego,379901071,Male
739,Laurence,Exell,952148777,Male
740,Chloette,Raftery,350444212,Female
741,Charmain,Kowalik,552037181,Female
742,Thatcher,Spinke,464969833,Male
743,Keir,Mulqueen,615430903,Male
744,Letty,Wickardt,645091308,Female
745,Chickie,Delves,527048135,Male
746,Dickie,Ballston,785938880,Male
747,Darcie,Novakovic,658677870,Female
748,Dur,Coggon,204365314,Male
749,Monro,Ughelli,307891341,Male
750,Feodor,Gouldbourn,745622463,Male
751,Roana,Toolin,948154813,Female
752,Nadeen,Dundin,245871937,Female
753,Vida,Scimoni,303128798,Female
754,Berti,Muggach,281184842,Male
755,Allianora,Proughten,929717419,Female
756,Rudiger,Andren,633011261,Male
757,Nolana,Cheater,383809337,Female
758,Kleon,Dansie,496137688,Male
759,Madge,Schouthede,537024066,Female
760,Jeremias,Pavel,821767178,Male
761,Sawyere,Byfford,963970430,Male
762,Isaak,Czyz,155777455,Male
763,Bennett,Fennessy,334775098,Male
764,Lusa,Rickardes,350676828,Female
765,Clement,Hackett,951577455,Male
766,Robinett,Gillison,228045093,Female
767,Gilles,Billiard,448134560,Male
768,Tallie,Mc Gaughey,407185383,Female
769,Krishnah,McGlew,460508289,Male
770,Darby,Greatex,845776049,Male
